series,year,driver_name,driver_code,team_name,n_races,total_points,avg_points,avg_finish,best_finish,worst_finish,wins,win_rate,podiums,podium_rate,points_finishes,points_rate,top10_finishes,top10_rate,total_laps,avg_kph,avg_best_lap_s,finish_std,points_std,dnf_count,dnf_rate
F3,2019,A  Deledda,DEL,Campos Racing,8,,,28.0,25,29,0,0.0,0,0.0,,,0,0.0,167.0,171.55575,107.32925,1.414213562373095,,,
F3,2019,A  Estner,EST,Jenzer Motorsport,8,,,23.0,17,26,0,0.0,0,0.0,,,0,0.0,167.0,173.449625,106.827125,3.8544964466377265,,,
F3,2019,A  Peroni,PER,Campos Racing,6,,,15.5,1,26,1,0.16666666666666666,1,0.16666666666666666,,,2,0.3333333333333333,109.0,171.646,104.23700000000001,10.5023806824929,,,
F3,2019,A  Petrov,PET,Jenzer Motorsport,1,,,30.0,30,30,0,0.0,0,0.0,,,0,0.0,0.0,,,,,,
F3,2019,B  Viscaal,VIS,HWA RACELAB,8,,,15.5,1,26,2,0.25,2,0.25,,,2,0.25,152.0,174.575125,106.753625,10.099504938362077,,,
F3,2019,C  Lundgaard,LUN,ART Grand Prix,8,,,13.0,7,22,0,0.0,0,0.0,,,4,0.5,167.0,174.688375,106.13787500000001,5.756983337031395,,,
F3,2019,D  Beckmann,BEC,ART Grand Prix,7,,,14.571428571428571,1,25,1,0.14285714285714285,1,0.14285714285714285,,,3,0.42857142857142855,128.0,171.69085714285714,105.23,8.443086774735546,,,
F3,2019,D  DeFrancesco,DEF,Trident,8,,,17.0,5,27,0,0.0,0,0.0,,,1,0.125,159.0,170.71875,106.75087500000001,6.654751256486923,,,
F3,2019,D  Schumacher,SCH,Campos Racing,1,,,25.0,25,25,0,0.0,0,0.0,,,0,0.0,20.0,175.87,117.751,,,,
F3,2019,F  Drugovich,DRU,Carlin Buzz Racing,8,,,14.125,1,20,1,0.125,1,0.125,,,1,0.125,159.0,173.88825,106.594875,6.0341291240504855,,,
F3,2019,F  Malvestiti,MAL,Jenzer Motorsport,1,,,27.0,27,27,0,0.0,0,0.0,,,0,0.0,20.0,193.109,107.841,,,,
F3,2019,F  Scherer,SCH,Sauber Junior Team by Charouz,8,,,12.0,1,28,1,0.125,3,0.375,,,4,0.5,132.0,171.624125,106.77075,10.743768958264667,,,
F3,2019,G  Carrara,CAR,Jenzer Motorsport,4,,,18.75,2,26,0,0.0,1,0.25,,,1,0.25,69.0,173.27675,96.86066666666666,11.236102527122116,,,
F3,2019,J  Daruvala,DAR,Prema Racing,8,,,9.875,3,19,0,0.0,1,0.125,,,5,0.625,166.0,174.977125,105.86625,5.462534733462636,,,
F3,2019,J  Hughes,HUG,HWA RACELAB,8,,,8.875,2,29,0,0.0,1,0.125,,,6,0.75,133.0,175.15185714285715,107.65271428571428,8.838834764831844,,,
F3,2019,J  Vips,VIP,Hitech Grand Prix,8,,,13.875,4,30,0,0.0,0,0.0,,,3,0.375,167.0,174.289875,105.843875,9.280355596635292,,,
F3,2019,K  Andres,AND,HWA RACELAB,8,,,23.125,16,30,0,0.0,0,0.0,,,0,0.0,167.0,172.566625,106.455,4.85320218294802,,,
F3,2019,L  Hon Chio,HON,Jenzer Motorsport,1,,,26.0,26,26,0,0.0,0,0.0,,,0,0.0,20.0,175.071,118.135,,,,
F3,2019,L  Lawson,LAW,MP Motorsport,8,,,12.375,3,28,0,0.0,1,0.125,,,3,0.375,166.0,173.817375,106.37774999999999,7.998883850709601,,,
F3,2019,L  Pulcini,PUL,Hitech Grand Prix,8,,,13.0,4,23,0,0.0,0,0.0,,,4,0.5,167.0,174.8695,106.039875,7.445036697597362,,,
F3,2019,L  Sargeant,SAR,Carlin Buzz Racing,8,,,15.0,7,30,0,0.0,0,0.0,,,2,0.25,161.0,170.62275,106.48725,6.928203230275509,,,
F3,2019,L  Zendeli,ZEN,Sauber Junior Team by Charouz,8,,,17.375,9,29,0,0.0,0,0.0,,,1,0.125,145.0,172.79271428571428,105.00099999999999,6.738747234146291,,,
F3,2019,M  Armstrong,ARM,Prema Racing,8,,,10.625,3,24,0,0.0,1,0.125,,,5,0.625,167.0,175.3275,105.585375,6.435115716575289,,,
F3,2019,M  Fewtrell,FEW,ART Grand Prix,8,,,16.125,6,26,0,0.0,0,0.0,,,3,0.375,163.0,173.296875,106.522625,7.4149944610325145,,,
F3,2019,N  Kari,KAR,Trident,8,,,11.0,1,23,1,0.125,1,0.125,,,4,0.5,149.0,175.237625,102.92557142857143,7.010196655077313,,,
F3,2019,P  Piquet,PIQ,Trident,8,,,12.75,3,29,0,0.0,2,0.25,,,4,0.5,162.0,174.71525,106.093375,9.315885051121782,,,
F3,2019,R  Hyman,HYM,Sauber Junior Team by Charouz,8,,,20.125,8,28,0,0.0,0,0.0,,,1,0.125,142.0,176.4855714285714,107.97057142857143,6.220645350076515,,,
F3,2019,R  Shwartzman,SHW,Prema Racing,8,,,7.25,2,12,0,0.0,1,0.125,,,7,0.875,162.0,175.2225,105.754125,2.8660575211055543,,,
F3,2019,R  Verschoor,VER,MP Motorsport,8,,,16.125,5,25,0,0.0,0,0.0,,,2,0.25,167.0,174.4705,106.3145,6.599512969043354,,,
F3,2019,S  Fernández,FER,Campos Racing,8,,,14.875,3,29,0,0.0,1,0.125,,,3,0.375,157.0,173.664625,106.4355,10.287822204640092,,,
F3,2019,S  Laaksonen,LAA,MP Motorsport,8,,,12.875,1,28,1,0.125,3,0.375,,,4,0.5,122.0,172.789875,107.23474999999999,11.128310101461306,,,
F3,2019,T  Natori,NAT,Carlin Buzz Racing,8,,,20.5,2,30,0,0.0,1,0.125,,,1,0.125,129.0,173.50685714285714,107.92257142857144,8.89622712968015,,,
F3,2019,Y  Tsunoda,TSU,Jenzer Motorsport,8,,,9.875,2,16,0,0.0,1,0.125,,,3,0.375,166.0,174.701625,106.14,4.733995594179856,,,
F3,2019,Y  Yifei,YIF,Hitech Grand Prix,8,,,18.25,2,28,0,0.0,1,0.125,,,1,0.125,131.0,178.07871428571428,107.89128571428571,8.74642784226795,,,
F3,2020,A  Deledda,DEL,Campos Racing,9,,,20.88888888888889,1,30,1,0.1111111111111111,2,0.2222222222222222,,,2,0.2222222222222222,157.0,156.97333333333333,106.825875,11.229920351948676,,,
F3,2020,A  Estner,EST,Campos Racing,1,,,24.0,24,24,0,0.0,0,0.0,,,0,0.0,17.0,184.26,130.219,,,,
F3,2020,A  Peroni,PER,Campos Racing,9,,,13.222222222222221,2,28,0,0.0,1,0.1111111111111111,,,3,0.3333333333333333,178.0,171.891,101.54144444444444,8.96908269804914,,,
F3,2020,A  Smolyar,SMO,ART Grand Prix,9,,,12.444444444444445,7,24,0,0.0,0,0.0,,,5,0.5555555555555556,192.0,170.48322222222222,101.42266666666666,5.479760740924532,,,
F3,2020,B  Barnicoat,BAR,Carlin Buzz Racing,2,,,8.5,3,14,0,0.0,1,0.5,,,1,0.5,30.0,169.3105,107.15350000000001,7.7781745930520225,,,
F3,2020,B  Viscaal,VIS,MP Motorsport,9,,,17.444444444444443,5,22,0,0.0,0,0.0,,,1,0.1111111111111111,192.0,169.95066666666668,101.61866666666667,5.433946795633703,,,
F3,2020,C  Das,DAS,Carlin Buzz Racing,9,,,18.444444444444443,1,28,1,0.1111111111111111,2,0.2222222222222222,,,2,0.2222222222222222,168.0,169.48566666666667,102.5791111111111,10.44163673845139,,,
F3,2020,C  Novalak,NOV,Carlin Buzz Racing,9,,,13.0,4,28,0,0.0,0,0.0,,,3,0.3333333333333333,179.0,168.5758888888889,101.77966666666666,7.937253933193771,,,
F3,2020,C  Williams,WIL,Jenzer Motorsport,9,,,22.88888888888889,16,30,0,0.0,0,0.0,,,0,0.0,172.0,168.327,101.045875,5.622375931144333,,,
F3,2020,D  Beckmann,BEC,Trident,9,,,6.222222222222222,1,12,1,0.1111111111111111,3,0.3333333333333333,,,7,0.7777777777777778,177.0,170.00511111111112,101.4071111111111,3.80058475033046,,,
F3,2020,D  Hauger,HAU,Hitech Grand Prix,9,,,19.444444444444443,8,27,0,0.0,0,0.0,,,1,0.1111111111111111,189.0,167.05266666666665,101.782,6.287112037953338,,,
F3,2020,D  Schumacher,SCH,Carlin Buzz Racing,3,,,13.333333333333334,3,19,0,0.0,1,0.3333333333333333,,,1,0.3333333333333333,47.0,188.89166666666665,109.50766666666668,8.962886439832502,,,
F3,2020,D  Schumacher,SCH,Charouz Racing System,6,,,17.0,1,28,1,0.16666666666666666,1,0.16666666666666666,,,1,0.16666666666666666,113.0,155.0465,96.28880000000001,8.876936408468858,,,
F3,2020,E  Ahmed,AHM,Carlin Buzz Racing,3,,,23.666666666666668,19,26,0,0.0,0,0.0,,,0,0.0,70.0,152.69,93.238,4.041451884327381,,,
F3,2020,E  Fittipaldi,FIT,HWA RACELAB,9,,,15.88888888888889,4,29,0,0.0,0,0.0,,,2,0.2222222222222222,192.0,169.50188888888889,101.62377777777778,7.321960878829599,,,
F3,2020,F  Malvestiti,MAL,Jenzer Motorsport,9,,,18.77777777777778,2,28,0,0.0,1,0.1111111111111111,,,2,0.2222222222222222,181.0,169.18866666666665,102.17844444444444,9.510228411791404,,,
F3,2020,F  Vesti,VES,PREMA Racing,9,,,9.444444444444445,4,23,0,0.0,0,0.0,,,6,0.6666666666666666,180.0,170.4831111111111,101.63322222222222,5.833333333333333,,,
F3,2020,I  Fraga,FRA,Charouz Racing System,8,,,15.625,1,29,1,0.125,2,0.25,,,2,0.25,134.0,165.31725,101.06642857142857,10.26697201153847,,,
F3,2020,J  Doohan,DOO,HWA RACELAB,9,,,21.0,1,30,1,0.1111111111111111,1,0.1111111111111111,,,1,0.1111111111111111,168.0,155.52877777777778,98.544625,9.656603957913983,,,
F3,2020,J  Hughes,HUG,HWA RACELAB,9,,,12.333333333333334,4,24,0,0.0,0,0.0,,,3,0.3333333333333333,188.0,171.02366666666666,101.47066666666666,6.652067347825035,,,
F3,2020,L  Dunner,DUN,MP Motorsport,9,,,20.11111111111111,1,30,1,0.1111111111111111,1,0.1111111111111111,,,1,0.1111111111111111,129.0,160.88785714285714,99.57283333333334,8.809716857601675,,,
F3,2020,L  Lawson,LAW,Hitech Grand Prix,9,,,5.666666666666667,1,9,1,0.1111111111111111,4,0.4444444444444444,,,9,1.0,173.0,172.032,101.52600000000001,3.2015621187164243,,,
F3,2020,L  Pulcini,PUL,Carlin Buzz Racing,1,,,26.0,26,26,0,0.0,0,0.0,,,0,0.0,22.0,151.779,97.601,,,,
F3,2020,L  Sargeant,SAR,PREMA Racing,9,,,10.777777777777779,4,28,0,0.0,0,0.0,,,7,0.7777777777777778,157.0,165.864125,101.58875,9.614803401237305,,,
F3,2020,L  Zendeli,ZEN,Trident,9,,,14.222222222222221,6,27,0,0.0,0,0.0,,,2,0.2222222222222222,171.0,169.316125,101.976375,6.759766596891082,,,
F3,2020,M  Belov,BEL,Charouz Racing System,3,,,15.333333333333334,3,23,0,0.0,1,0.3333333333333333,,,1,0.3333333333333333,54.0,183.904,110.193,10.785793124908958,,,
F3,2020,M  Fewtrell,FEW,Hitech Grand Prix,6,,,17.833333333333332,11,30,0,0.0,0,0.0,,,0,0.0,110.0,162.29059999999998,98.2944,7.1110243050257305,,,
F3,2020,M  Nannini,NAN,Jenzer Motorsport,9,,,21.88888888888889,5,30,0,0.0,0,0.0,,,1,0.1111111111111111,173.0,154.605,105.05766666666666,8.053639618899712,,,
F3,2020,O  Caldwell,CAL,Trident,9,,,20.333333333333332,10,29,0,0.0,0,0.0,,,1,0.1111111111111111,170.0,171.942375,102.483875,6.670832032063167,,,
F3,2020,O  Piastri,PIA,PREMA Racing,9,,,6.555555555555555,2,10,0,0.0,3,0.3333333333333333,,,9,1.0,170.0,169.15800000000002,101.17977777777779,3.3582402799349804,,,
F3,2020,P  Chovet,CHO,Hitech Grand Prix,2,,,7.5,2,13,0,0.0,1,0.5,,,1,0.5,25.0,193.941,115.488,7.7781745930520225,,,
F3,2020,R  Stanek,STA,Charouz Racing System,9,,,21.444444444444443,14,29,0,0.0,0,0.0,,,0,0.0,192.0,169.64822222222222,102.259,4.447221354708778,,,
F3,2020,R  Verschoor,VER,MP Motorsport,9,,,10.222222222222221,4,22,0,0.0,0,0.0,,,6,0.6666666666666666,192.0,170.43533333333335,101.58733333333333,5.717905599469481,,,
F3,2020,S  Fernández,FER,ART Grand Prix,9,,,15.11111111111111,8,24,0,0.0,0,0.0,,,1,0.1111111111111111,192.0,170.08855555555556,101.73588888888888,4.400126260814695,,,
F3,2020,S  Floersch,FLO,Campos Racing,8,,,19.0,1,25,1,0.125,1,0.125,,,1,0.125,161.0,170.442,98.825,7.727501906456298,,,
F3,2020,T  Pourchaire,POU,ART Grand Prix,9,,,10.11111111111111,3,30,0,0.0,1,0.1111111111111111,,,7,0.7777777777777778,192.0,170.4078888888889,101.37122222222223,7.849274559544412,,,
F3,2021,A  Cordeel,ACO,Campos Racing,7,,,19.714285714285715,1,29,1,0.14285714285714285,1,0.14285714285714285,,,1,0.14285714285714285,141.0,162.72885714285715,110.02885714285715,9.810101693565427,,,
F3,2021,A  Iwasa,IWA,Hitech Grand Prix,7,,,12.714285714285714,8,16,0,0.0,0,0.0,,,2,0.2857142857142857,144.0,164.1692857142857,109.63785714285714,2.811540841738193,,,
F3,2021,A  Leclerc,LEC,PREMA Racing,7,,,9.857142857142858,2,16,0,0.0,1,0.14285714285714285,,,2,0.2857142857142857,133.0,166.7634285714286,108.85242857142858,4.775931721614517,,,
F3,2021,A  Simmons,SIM,Charouz Racing System,1,,,25.0,25,25,0,0.0,0,0.0,,,0,0.0,20.0,175.241,117.437,,,,
F3,2021,A  Smolyar,SMO,ART Grand Prix,7,,,10.571428571428571,4,28,0,0.0,0,0.0,,,4,0.5714285714285714,144.0,164.31214285714285,109.25157142857142,8.18244345855081,,,
F3,2021,C  Collet,CCO,MP Motorsport,7,,,12.0,5,30,0,0.0,0,0.0,,,5,0.7142857142857143,124.0,162.69333333333333,107.81383333333333,9.201449161228174,,,
F3,2021,C  Novalak,NOV,Trident,7,,,5.714285714285714,1,8,1,0.14285714285714285,1,0.14285714285714285,,,7,1.0,133.0,167.35685714285714,108.88242857142858,2.4976179127511156,,,
F3,2021,C  Williams,WIL,Jenzer Motorsport,7,,,17.571428571428573,11,22,0,0.0,0,0.0,,,0,0.0,144.0,163.51542857142857,109.60657142857143,3.779644730092272,,,
F3,2021,D  Hauger,HAU,PREMA Racing,7,,,7.857142857142857,1,29,1,0.14285714285714285,2,0.2857142857142857,,,6,0.8571428571428571,144.0,164.43757142857143,108.443,9.633769968684316,,,
F3,2021,D  Schumacher,SCH,Trident,7,,,13.142857142857142,1,30,1,0.14285714285714285,1,0.14285714285714285,,,3,0.42857142857142855,141.0,164.70328571428573,109.316,9.26334301478272,,,
F3,2021,E  Fittipaldi,FIT,Charouz Racing System,4,,,15.75,12,20,0,0.0,0,0.0,,,0,0.0,86.0,157.4855,104.26325,3.5,,,
F3,2021,F  Ugran,UGR,Jenzer Motorsport,7,,,25.714285714285715,21,30,0,0.0,0,0.0,,,0,0.0,144.0,162.19142857142856,110.28228571428572,3.199702367110921,,,
F3,2021,F  Vesti,VES,ART Grand Prix,7,,,7.428571428571429,3,10,0,0.0,1,0.14285714285714285,,,7,1.0,144.0,164.9997142857143,108.97171428571428,2.5071326821120348,,,
F3,2021,H  Yeany,YEA,Charouz Racing System,2,,,24.0,24,24,0,0.0,0,0.0,,,0,0.0,35.0,149.878,117.0965,0.0,,,
F3,2021,I  Cohen,COH,Carlin Buzz,7,,,15.714285714285714,1,27,1,0.14285714285714285,2,0.2857142857142857,,,2,0.2857142857142857,137.0,162.62385714285713,110.15328571428572,10.193368525897704,,,
F3,2021,J  Correa,JCO,ART Grand Prix,7,,,17.857142857142858,12,29,0,0.0,0,0.0,,,0,0.0,144.0,163.57571428571427,109.621,5.814595756329395,,,
F3,2021,J  Crawford,CRA,Hitech Grand Prix,7,,,15.714285714285714,9,29,0,0.0,0,0.0,,,2,0.2857142857142857,144.0,163.53771428571432,109.32928571428572,7.040698017343775,,,
F3,2021,J  Doohan,DOO,Trident,7,,,7.428571428571429,2,27,0,0.0,2,0.2857142857142857,,,6,0.8571428571428571,143.0,164.20242857142856,108.70514285714286,8.791229395580249,,,
F3,2021,J  Edgar,EDG,Carlin Buzz,7,,,14.571428571428571,1,20,1,0.14285714285714285,1,0.14285714285714285,,,1,0.14285714285714285,139.0,163.3097142857143,110.626,6.451282633635548,,,
F3,2021,J  Hoggard,HOG,Jenzer Motorsport,6,,,19.833333333333332,10,28,0,0.0,0,0.0,,,1,0.16666666666666666,122.0,162.55083333333332,111.606,5.980523945831726,,,
F3,2021,J  Hughes,HUG,Carlin Buzz,1,,,16.0,16,16,0,0.0,0,0.0,,,0,0.0,20.0,130.118,108.37,,,,
F3,2021,K  Frederick,FRE,Carlin Buzz,4,,,22.25,17,29,0,0.0,0,0.0,,,0,0.0,85.0,166.07,107.727,5.123475382979799,,,
F3,2021,L  Colombo,LCO,Campos Racing,7,,,16.428571428571427,2,28,0,0.0,1,0.14285714285714285,,,1,0.14285714285714285,140.0,162.32199999999997,109.485,8.059303999253347,,,
F3,2021,L  Sargeant,SAR,Charouz Racing System,7,,,8.285714285714286,2,13,0,0.0,1,0.14285714285714285,,,6,0.8571428571428571,132.0,164.22357142857143,109.54471428571428,3.3022358947782497,,,
F3,2021,L  Tóth,TOT,Campos Racing,6,,,21.666666666666668,3,27,0,0.0,1,0.16666666666666666,,,1,0.16666666666666666,121.0,163.4525,107.11366666666667,9.244818368506039,,,
F3,2021,M  Nannini,NAN,HWA RACELAB,7,,,20.0,3,30,0,0.0,1,0.14285714285714285,,,2,0.2857142857142857,144.0,161.89014285714285,108.60171428571428,10.770329614269007,,,
F3,2021,O  Caldwell,CAL,PREMA Racing,7,,,9.0,1,16,1,0.14285714285714285,1,0.14285714285714285,,,3,0.42857142857142855,126.0,163.09471428571428,110.02114285714286,5.656854249492381,,,
F3,2021,O  Rasmussen,RAS,HWA RACELAB,7,,,20.0,3,28,0,0.0,1,0.14285714285714285,,,1,0.14285714285714285,142.0,162.78928571428574,109.84400000000001,8.346656017032611,,,
F3,2021,P  Chovet,CHO,Campos Racing,1,,,3.0,3,3,0,0.0,1,1.0,,,1,1.0,18.0,157.523,127.956,,,,
F3,2021,P  Chovet,CHO,Jenzer Motorsport,1,,,25.0,25,25,0,0.0,0,0.0,,,0,0.0,22.0,169.186,97.534,,,,
F3,2021,R  Stanek,STA,Hitech Grand Prix,7,,,18.0,10,27,0,0.0,0,0.0,,,1,0.14285714285714285,142.0,160.83614285714287,110.00714285714285,6.298147875897061,,,
F3,2021,R  Villagómez,VIL,HWA RACELAB,7,,,21.285714285714285,4,29,0,0.0,0,0.0,,,1,0.14285714285714285,118.0,144.61033333333333,104.10433333333333,8.994707438530833,,,
F3,2021,R  de Gerus,DEG,Charouz Racing System,4,,,22.5,19,24,0,0.0,0,0.0,,,0,0.0,86.0,156.76875,102.34225,2.380476142847616,,,
F3,2021,T  van der Helm,VAN,MP Motorsport,7,,,18.714285714285715,2,23,0,0.0,1,0.14285714285714285,,,1,0.14285714285714285,143.0,163.15642857142856,110.0067142857143,7.476948702830714,,,
F3,2021,V  Martins,MAR,MP Motorsport,7,,,13.571428571428571,3,30,0,0.0,1,0.14285714285714285,,,3,0.42857142857142855,144.0,164.20885714285714,108.68828571428571,10.469911538262757,,,
F3,2021,Z  Chovanec,CHO,Charouz Racing System,3,,,25.0,24,26,0,0.0,0,0.0,,,0,0.0,58.0,170.25333333333333,118.04533333333332,1.0,,,
F3,2022,A  Famularo,FAM,Charouz Racing System,1,,,25.0,25,25,0,0.0,0,0.0,,,0,0.0,15.0,180.869,100.405,,,,
F3,2022,A  Leclerc,LEC,PREMA Racing,9,,,10.444444444444445,4,19,0,0.0,0,0.0,,,6,0.6666666666666666,201.0,159.5342222222222,103.09100000000001,5.410894360249309,,,
F3,2022,A  Simmons,SIM,Charouz Racing System,1,,,21.0,21,21,0,0.0,0,0.0,,,0,0.0,23.0,157.243,112.564,,,,
F3,2022,A  Smolyar,SMO,MP Motorsport,8,,,12.125,2,25,0,0.0,2,0.25,,,3,0.375,178.0,157.408375,102.80012500000001,8.14927691796728,,,
F3,2022,B  Benavides,BEN,Carlin,9,,,15.222222222222221,1,24,1,0.1111111111111111,3,0.3333333333333333,,,3,0.3333333333333333,146.0,157.45711111111112,103.50577777777778,10.232030318780552,,,
F3,2022,C  Collet,CCO,MP Motorsport,9,,,10.444444444444445,1,22,1,0.1111111111111111,2,0.2222222222222222,,,5,0.5555555555555556,176.0,154.38555555555556,102.069875,6.578584785330183,,,
F3,2022,C  Mansell,MAN,Charouz Racing System,2,,,25.5,25,26,0,0.0,0,0.0,,,0,0.0,42.0,150.749,120.01849999999999,0.7071067811865476,,,
F3,2022,D  Schumacher,SCH,Charouz Racing System,2,,,20.5,19,22,0,0.0,0,0.0,,,0,0.0,50.0,151.73000000000002,91.311,2.1213203435596424,,,
F3,2022,D  Vidales,VID,Campos Racing,8,,,10.375,3,16,0,0.0,2,0.25,,,4,0.5,167.0,155.238875,104.077875,4.983902658989812,,,
F3,2022,E  Trulli,TRU,Carlin,9,,,24.555555555555557,21,28,0,0.0,0,0.0,,,0,0.0,200.0,157.148,102.68833333333333,2.697735676039774,,,
F3,2022,F  Colapinto,COL,Van Amersfoort Racing,9,,,16.22222222222222,7,30,0,0.0,0,0.0,,,2,0.2222222222222222,179.0,157.3395,102.706625,8.31831980897852,,,
F3,2022,F  Malvestiti,MAL,Jenzer Motorsport,8,,,24.875,17,29,0,0.0,0,0.0,,,0,0.0,176.0,156.345125,103.056375,4.189698250300543,,,
F3,2022,F  Pizzi,PIZ,Charouz Racing System,9,,,21.555555555555557,1,30,1,0.1111111111111111,1,0.1111111111111111,,,1,0.1111111111111111,154.0,154.23525,102.331,8.804985961248194,,,
F3,2022,F  Ugran,UGR,MP Motorsport,1,,,22.0,22,22,0,0.0,0,0.0,,,0,0.0,22.0,170.031,108.236,,,,
F3,2022,G  Saucy,SAU,ART Grand Prix,9,,,10.333333333333334,1,29,1,0.1111111111111111,2,0.2222222222222222,,,5,0.5555555555555556,182.0,157.16022222222222,103.35,9.069178573608527,,,
F3,2022,H  Yeany,YEA,Campos Racing,5,,,23.4,19,30,0,0.0,0,0.0,,,0,0.0,108.0,162.554,102.5136,4.03732584763727,,,
F3,2022,I  Cohen,COH,Jenzer Motorsport,9,,,16.0,1,24,1,0.1111111111111111,1,0.1111111111111111,,,1,0.1111111111111111,184.0,155.9681111111111,99.261625,6.5383484153110105,,,
F3,2022,I  Hadjar,HAD,Hitech Grand Prix,9,,,12.666666666666666,5,27,0,0.0,0,0.0,,,5,0.5555555555555556,201.0,159.15311111111112,101.799,7.19374728496908,,,
F3,2022,J  Correa,JCO,ART Grand Prix,8,,,13.75,1,26,1,0.125,1,0.125,,,3,0.375,156.0,155.0965,102.77499999999999,8.64787339672097,,,
F3,2022,J  Crawford,CRA,PREMA Racing,9,,,11.777777777777779,5,28,0,0.0,0,0.0,,,6,0.6666666666666666,201.0,159.18744444444442,103.15033333333332,7.479601890772292,,,
F3,2022,J  Edgar,EDG,Trident,7,,,15.714285714285714,8,27,0,0.0,0,0.0,,,2,0.2857142857142857,153.0,160.18885714285716,103.69814285714286,7.631388814501279,,,
F3,2022,J  Martí,MAR,Campos Racing,9,,,19.88888888888889,1,28,1,0.1111111111111111,1,0.1111111111111111,,,1,0.1111111111111111,192.0,157.1688888888889,102.654,8.417904199449595,,,
F3,2022,K  Frederick,FRE,Hitech Grand Prix,9,,,19.0,12,29,0,0.0,0,0.0,,,0,0.0,201.0,157.99033333333333,103.6711111111111,6.164414002968976,,,
F3,2022,K  Maini,MAI,MP Motorsport,9,,,17.666666666666668,4,30,0,0.0,0,0.0,,,2,0.2222222222222222,181.0,157.60862500000002,100.43175,9.233092656309694,,,
F3,2022,L  Tóth,TOT,Charouz Racing System,9,,,23.333333333333332,1,30,1,0.1111111111111111,1,0.1111111111111111,,,1,0.1111111111111111,176.0,149.6391111111111,103.88475,8.831760866327848,,,
F3,2022,L  Zendeli,ZEN,Charouz Racing System,1,,,20.0,20,20,0,0.0,0,0.0,,,0,0.0,24.0,152.541,98.255,,,,
F3,2022,N  Azman,AZM,Hitech Grand Prix,9,,,19.333333333333332,2,29,0,0.0,2,0.2222222222222222,,,2,0.2222222222222222,169.0,154.05333333333334,108.83111111111111,10.19803902718557,,,
F3,2022,N  Kari,KAR,Jenzer Motorsport,1,,,16.0,16,16,0,0.0,0,0.0,,,0,0.0,23.0,157.339,111.893,,,,
F3,2022,O  Bearman,BEA,PREMA Racing,9,,,7.666666666666667,4,15,0,0.0,0,0.0,,,8,0.8888888888888888,201.0,159.71955555555556,103.07833333333333,3.3166247903554,,,
F3,2022,O  Goethe,GOE,Campos Racing,2,,,18.5,7,30,0,0.0,0,0.0,,,1,0.5,42.0,150.56400000000002,113.53899999999999,16.263455967290593,,,
F3,2022,O  Rasmussen,RAS,Trident,2,,,10.5,2,19,0,0.0,1,0.5,,,1,0.5,29.0,140.3065,115.7635,12.020815280171307,,,
F3,2022,R  Stanek,STA,Trident,9,,,9.444444444444445,4,24,0,0.0,0,0.0,,,7,0.7777777777777778,188.0,159.039,102.95277777777778,6.125991983163035,,,
F3,2022,R  Ushijima,USH,Van Amersfoort Racing,9,,,18.22222222222222,12,27,0,0.0,0,0.0,,,0,0.0,201.0,158.75133333333332,103.68644444444445,5.3567195599960655,,,
F3,2022,R  Villagómez,VIL,Van Amersfoort Racing,8,,,13.875,1,25,1,0.125,2,0.25,,,3,0.375,146.0,156.304625,105.44928571428571,9.862446813182677,,,
F3,2022,S  Montoya,MON,Campos Racing,1,,,13.0,13,13,0,0.0,0,0.0,,,0,0.0,26.0,150.36,87.368,,,,
F3,2022,V  Martins,MAR,ART Grand Prix,9,,,7.444444444444445,2,16,0,0.0,2,0.2222222222222222,,,6,0.6666666666666666,184.0,156.40355555555556,99.92525,4.447221354708778,,,
F3,2022,W  Alatalo,ALA,Jenzer Motorsport,9,,,13.0,2,20,0,0.0,1,0.1111111111111111,,,2,0.2222222222222222,178.0,160.65955555555558,103.54055555555556,5.5226805085936315,,,
F3,2022,Z  Chovanec,CHO,Charouz Racing System,2,,,15.0,2,28,0,0.0,1,0.5,,,1,0.5,40.0,164.71949999999998,101.63550000000001,18.384776310850235,,,
F3,2022,Z  Maloney,MAL,Trident,9,,,10.0,3,29,0,0.0,2,0.2222222222222222,,,6,0.6666666666666666,163.0,157.85649999999998,102.80975,8.8175960442742,,,
F3,2022,Z  O'Sullivan,OSU,Carlin,9,,,12.666666666666666,4,21,0,0.0,0,0.0,,,3,0.3333333333333333,199.0,158.7752222222222,102.34533333333334,6.442049363362563,,,
F3,2023,A  García,GAR,Jenzer Motorsport,9,,,21.0,2,29,0,0.0,1,0.1111111111111111,,,2,0.2222222222222222,196.0,156.61955555555556,103.055,9.420721840708387,,,
F3,2023,C  Collet,CCO,Van Amersfoort Racing,9,,,13.0,1,23,1,0.1111111111111111,1,0.1111111111111111,,,3,0.3333333333333333,190.0,157.89,101.86944444444444,7.3824115301167,,,
F3,2023,C  Mansell,MAN,Campos Racing,9,,,12.444444444444445,6,18,0,0.0,0,0.0,,,3,0.3333333333333333,200.0,158.50811111111113,101.99922222222222,4.362084109434134,,,
F3,2023,D  Beganovic,BEG,PREMA Racing,9,,,10.555555555555555,3,20,0,0.0,2,0.2222222222222222,,,5,0.5555555555555556,200.0,158.9272222222222,101.35744444444444,7.485170524295207,,,
F3,2023,F  Colapinto,COL,MP Motorsport,9,,,9.777777777777779,1,30,1,0.1111111111111111,2,0.2222222222222222,,,5,0.5555555555555556,157.0,161.24475,102.77314285714286,8.842762263254873,,,
F3,2023,F  Simonazzi,SIM,Carlin,2,,,23.5,18,29,0,0.0,0,0.0,,,0,0.0,36.0,151.8655,121.15100000000001,7.7781745930520225,,,
F3,2023,G  Bortoleto,BOR,Trident,9,,,7.777777777777778,3,15,0,0.0,1,0.1111111111111111,,,7,0.7777777777777778,200.0,158.82133333333334,101.19311111111111,3.865804501581067,,,
F3,2023,G  Minì,MIN,Hitech Pulse-Eight,9,,,17.0,2,30,0,0.0,1,0.1111111111111111,,,3,0.3333333333333333,159.0,156.25171428571429,98.73985714285713,9.987492177719089,,,
F3,2023,G  Saucy,SAU,ART Grand Prix,9,,,12.11111111111111,1,24,1,0.1111111111111111,1,0.1111111111111111,,,4,0.4444444444444444,181.0,156.5591111111111,101.43822222222222,7.423685817106696,,,
F3,2023,H  Barter,BAR,Campos Racing,8,,,20.125,9,30,0,0.0,0,0.0,,,1,0.125,179.0,157.72325,101.939625,7.698562017861332,,,
F3,2023,H  Yeany,YEA,Carlin,5,,,19.2,1,26,1,0.2,1,0.2,,,1,0.2,108.0,153.9558,94.76379999999999,10.329569206893384,,,
F3,2023,I  Cohen,COH,Carlin,9,,,16.11111111111111,1,30,1,0.1111111111111111,1,0.1111111111111111,,,4,0.4444444444444444,140.0,158.456375,105.5615,11.857955604197171,,,
F3,2023,J  Dufek,DUF,Campos Racing,1,,,21.0,21,21,0,0.0,0,0.0,,,0,0.0,21.0,154.205,101.68,,,,
F3,2023,J  Edgar,EDG,MP Motorsport,9,,,17.11111111111111,7,30,0,0.0,0,0.0,,,3,0.3333333333333333,189.0,149.037,102.41144444444444,8.328331832432658,,,
F3,2023,J  Martí,MAR,Campos Racing,9,,,8.444444444444445,2,14,0,0.0,1,0.1111111111111111,,,6,0.6666666666666666,194.0,159.73555555555558,101.476,4.034572812303401,,,
F3,2023,K  Frederick,FRE,ART Grand Prix,9,,,14.666666666666666,1,29,1,0.1111111111111111,3,0.3333333333333333,,,4,0.4444444444444444,162.0,154.52966666666669,104.84277777777778,10.641898326896381,,,
F3,2023,L  Browning,BRO,Hitech Pulse-Eight,9,,,16.77777777777778,1,30,1,0.1111111111111111,1,0.1111111111111111,,,3,0.3333333333333333,154.0,158.430375,101.72614285714285,10.814085465005556,,,
F3,2023,L  Fornaroli,FOR,Trident,9,,,17.444444444444443,5,29,0,0.0,0,0.0,,,2,0.2222222222222222,195.0,154.1438888888889,101.44744444444444,8.293236869749819,,,
F3,2023,M  Boya,BOY,MP Motorsport,9,,,12.555555555555555,1,27,1,0.1111111111111111,2,0.2222222222222222,,,3,0.3333333333333333,162.0,159.74544444444444,102.6445,8.24789535443908,,,
F3,2023,M  Cresswell,CRE,PHM Racing by Charouz,2,,,22.0,19,25,0,0.0,0,0.0,,,0,0.0,48.0,168.82,96.416,4.242640687119285,,,
F3,2023,M  Esterson,EST,Carlin,2,,,12.0,2,22,0,0.0,1,0.5,,,1,0.5,33.0,158.619,103.524,14.142135623730951,,,
F3,2023,N  Bedrin,BED,Jenzer Motorsport,9,,,13.88888888888889,6,24,0,0.0,0,0.0,,,3,0.3333333333333333,194.0,158.39555555555555,102.47555555555556,6.489307444643929,,,
F3,2023,N  Tsolov,TSO,ART Grand Prix,9,,,19.666666666666668,12,28,0,0.0,0,0.0,,,0,0.0,200.0,157.61166666666665,102.04844444444444,5.123475382979798,,,
F3,2023,O  Goethe,GOE,Trident,9,,,13.11111111111111,1,29,1,0.1111111111111111,1,0.1111111111111111,,,4,0.4444444444444444,167.0,157.6335,104.221,10.552777412184488,,,
F3,2023,O  Gray,GRA,Carlin,9,,,19.77777777777778,3,28,0,0.0,1,0.1111111111111111,,,1,0.1111111111111111,197.0,156.83355555555556,103.13511111111112,7.102425250887506,,,
F3,2023,P  Aron,ARO,PREMA Racing,9,,,11.666666666666666,4,28,0,0.0,0,0.0,,,4,0.4444444444444444,200.0,158.34066666666666,101.42266666666666,7.33143914930759,,,
F3,2023,P  Wisnicki,WIS,PHM Racing by Charouz,4,,,19.5,4,28,0,0.0,0,0.0,,,1,0.25,80.0,146.80775,98.30625,10.598742063723098,,,
F3,2023,R  Faria,FAR,PHM Racing by Charouz,9,,,15.88888888888889,2,29,0,0.0,2,0.2222222222222222,,,4,0.4444444444444444,165.0,154.29122222222225,104.07422222222222,11.48307933923262,,,
F3,2023,R  Villagómez,VIL,Van Amersfoort Racing,9,,,20.88888888888889,17,27,0,0.0,0,0.0,,,0,0.0,200.0,157.51666666666668,102.10466666666667,4.166666666666667,,,
F3,2023,S  Floersch,FLO,PHM Racing by Charouz,9,,,20.0,10,26,0,0.0,0,0.0,,,1,0.1111111111111111,200.0,157.78044444444447,102.916,5.830951894845301,,,
F3,2023,S  Montoya,MON,Hitech Pulse-Eight,9,,,16.77777777777778,2,30,0,0.0,1,0.1111111111111111,,,3,0.3333333333333333,167.0,157.976375,103.21075,9.666666666666666,,,
F3,2023,T  Barnard,BAR,Jenzer Motorsport,9,,,13.666666666666666,5,24,0,0.0,0,0.0,,,3,0.3333333333333333,200.0,158.44577777777778,101.93366666666667,5.70087712549569,,,
F3,2023,T  Smith,SMI,Van Amersfoort Racing,9,,,21.22222222222222,3,30,0,0.0,1,0.1111111111111111,,,1,0.1111111111111111,198.0,157.42244444444447,102.44533333333334,8.288211172770906,,,
F3,2023,W  Shin,SHI,PHM Racing by Charouz,3,,,26.666666666666668,25,29,0,0.0,0,0.0,,,0,0.0,54.0,150.167,113.47866666666668,2.081665999466133,,,
F3,2023,Z  O'Sullivan,OSU,PREMA Racing,9,,,10.444444444444445,2,21,0,0.0,2,0.2222222222222222,,,5,0.5555555555555556,200.0,158.82044444444443,101.42888888888889,6.207074816512024,,,
F3,2024,A  Dunne,DUN,MP Motorsport,10,,,13.4,3,20,0,0.0,1,0.1,,,3,0.3,212.0,163.3249,106.9641,5.015531433014408,,,
F3,2024,A  Lindblad,LIN,PREMA Racing,10,,,8.5,3,25,0,0.0,2,0.2,,,8,0.8,216.0,165.34949999999998,104.175,6.519202405202649,,,
F3,2024,C  Mansell,MAN,ART Grand Prix,10,,,11.4,3,26,0,0.0,1,0.1,,,5,0.5,225.0,164.9827,100.8672,7.862710869809611,,,
F3,2024,C  Shields,SHI,Hitech Pulse-Eight,10,,,21.5,1,30,1,0.1,1,0.1,,,1,0.1,185.0,165.73955555555554,99.32487499999999,8.031189202104505,,,
F3,2024,C  Voisin,VOI,Rodin Motorsport,10,,,16.7,6,30,0,0.0,0,0.0,,,4,0.4,224.0,163.83089999999999,99.76849999999999,8.932462644136212,,,
F3,2024,C  Wurz,WUR,Jenzer Motorsport,10,,,17.0,1,30,1,0.1,1,0.1,,,3,0.3,170.0,163.76744444444444,103.2385,10.088497300281038,,,
F3,2024,D  Beganovic,BEG,PREMA Racing,10,,,11.7,2,25,0,0.0,1,0.1,,,5,0.5,225.0,165.0884,100.31739999999999,6.912950809089335,,,
F3,2024,G  Minì,MIN,PREMA Racing,10,,,9.8,3,23,0,0.0,1,0.1,,,7,0.7,225.0,165.5229,99.44919999999999,6.679986693266852,,,
F3,2024,J  Dufek,DUF,AIX Racing,10,,,18.3,1,28,1,0.1,1,0.1,,,2,0.2,192.0,161.9736,101.942,8.8700494800073,,,
F3,2024,J  Hedley,HED,Jenzer Motorsport,1,,,24.0,24,24,0,0.0,0,0.0,,,0,0.0,27.0,121.398,87.57,,,,
F3,2024,J  Loake,LOA,Rodin Motorsport,10,,,23.7,9,30,0,0.0,0,0.0,,,1,0.1,200.0,161.2488888888889,104.49799999999999,7.557924465236619,,,
F3,2024,J  Wharton,WHA,Hitech Pulse-Eight,1,,,27.0,27,27,0,0.0,0,0.0,,,0,0.0,20.0,145.001,122.662,,,,
F3,2024,K  Sztuka,SZT,MP Motorsport,10,,,21.4,13,30,0,0.0,0,0.0,,,0,0.0,225.0,163.85049999999998,101.6117,5.378971401051816,,,
F3,2024,L  Browning,BRO,Hitech Pulse-Eight,10,,,9.7,2,29,0,0.0,1,0.1,,,6,0.6,225.0,165.3781,100.42830000000001,8.219894565422763,,,
F3,2024,L  Fornaroli,FOR,Trident,10,,,7.7,3,13,0,0.0,2,0.2,,,7,0.7,225.0,165.4437,100.37780000000001,3.4976182372199127,,,
F3,2024,L  Van Hoepen,VAN,ART Grand Prix,10,,,11.4,2,17,0,0.0,2,0.2,,,3,0.3,219.0,164.6828,101.1122,6.168017869984201,,,
F3,2024,M  Boya,BOY,Campos Racing,10,,,14.7,5,30,0,0.0,0,0.0,,,5,0.5,206.0,160.25979999999998,105.12159999999999,9.381423725166192,,,
F3,2024,M  Esterson,EST,Jenzer Motorsport,10,,,18.6,6,25,0,0.0,0,0.0,,,1,0.1,217.0,161.8136,100.9617,6.095535707019979,,,
F3,2024,M  Stenshorne,STE,Hitech Pulse-Eight,9,,,17.77777777777778,1,29,1,0.1111111111111111,1,0.1111111111111111,,,1,0.1111111111111111,191.0,167.7837777777778,95.027,8.95513508800646,,,
F3,2024,M  Zagazeta,ZAG,Jenzer Motorsport,9,,,16.333333333333332,2,28,0,0.0,2,0.2222222222222222,,,2,0.2222222222222222,175.0,169.33488888888888,106.258,8.54400374531753,,,
F3,2024,N  Bedrin,BED,AIX Racing,10,,,15.9,1,26,1,0.1,2,0.2,,,3,0.3,205.0,163.38709999999998,100.1502,9.49210198006743,,,
F3,2024,N  León,LEO,Van Amersfoort Racing,10,,,16.8,6,27,0,0.0,0,0.0,,,2,0.2,225.0,164.1243,101.00219999999999,7.360555534589612,,,
F3,2024,N  Strømsted,STR,Campos Racing,1,,,8.0,8,8,0,0.0,0,0.0,,,1,1.0,21.0,188.505,100.358,,,,
F3,2024,N  Tsolov,TSO,ART Grand Prix,9,,,17.333333333333332,4,29,0,0.0,0,0.0,,,3,0.3333333333333333,210.0,165.86566666666667,98.19566666666667,9.273618495495704,,,
F3,2024,O  Goethe,GOE,Campos Racing,9,,,10.777777777777779,2,24,0,0.0,1,0.1111111111111111,,,4,0.4444444444444444,203.0,162.42855555555556,99.981,5.995368582868316,,,
F3,2024,P  Wisnicki,WIS,Rodin Motorsport,10,,,21.8,4,29,0,0.0,0,0.0,,,1,0.1,206.0,162.49020000000002,101.7624,7.927448797970533,,,
F3,2024,S  Floersch,FLO,Van Amersfoort Racing,10,,,10.2,1,27,3,0.3,5,0.5,,,5,0.5,156.0,162.37380000000002,107.27144444444444,9.919677414109795,,,
F3,2024,S  Meguetounif,MEG,Trident,10,,,12.8,1,30,2,0.2,2,0.2,,,5,0.5,217.0,165.5677,100.7473,9.589345939924973,,,
F3,2024,S  Montoya,MON,Campos Racing,10,,,13.0,2,30,0,0.0,2,0.2,,,5,0.5,191.0,160.8958,101.01219999999999,9.153020145163987,,,
F3,2024,S  Ramos,RAM,Trident,10,,,15.4,6,27,0,0.0,0,0.0,,,3,0.3,225.0,164.4731,100.8989,7.244921593011818,,,
F3,2024,T  Inthraphuvasak,INT,AIX Racing,10,,,24.0,18,30,0,0.0,0,0.0,,,0,0.0,202.0,162.29233333333335,101.03288888888889,4.784233364802441,,,
F3,2024,T  Smith,SMI,Van Amersfoort Racing,10,,,23.0,10,29,0,0.0,0,0.0,,,1,0.1,202.0,162.85555555555555,100.71555555555557,6.377042156569663,,,
F3,2024,T  Taponen,TAP,ART Grand Prix,1,,,2.0,2,2,0,0.0,1,1.0,,,1,1.0,1.0,164.431,,,,,
F3,2024,T  Tramnitz,TRA,MP Motorsport,10,,,14.5,4,24,0,0.0,0,0.0,,,2,0.2,225.0,164.7631,100.4748,5.582711408148075,,,
F3,2025,A  Giusti,GIU,MP Motorsport,10,,,13.9,8,26,0,0.0,0,0.0,,,3,0.3,207.0,161.4356,104.45930000000001,5.4456914671651715,,,
F3,2025,B  Badoer,BAD,PREMA Racing,10,,,13.7,1,27,1,0.1,1,0.1,,,4,0.4,177.0,160.8255,104.61489999999999,8.8700494800073,,,
F3,2025,B  Benavides,BEN,AIX Racing,8,,,12.875,1,30,2,0.25,3,0.375,,,4,0.5,133.0,160.503375,105.10275,11.556538038208995,,,
F3,2025,B  Del Pino,DEL,MP Motorsport,10,,,19.8,9,30,0,0.0,0,0.0,,,2,0.2,201.0,157.7472,104.9286,7.671013260609347,,,
F3,2025,C  Ho,HOD,AMS Lucas Oil,10,,,18.2,1,29,1,0.1,1,0.1,,,2,0.2,203.0,161.5703,104.54310000000001,9.02835040918944,,,
F3,2025,C  Voisin,VOI,Rodin Motorsport,9,,,15.777777777777779,3,27,0,0.0,1,0.1111111111111111,,,2,0.2222222222222222,191.0,161.56355555555555,104.52044444444444,7.013875137500271,,,
F3,2025,C  Wurz,WUR,TRIDENT,10,,,13.3,4,30,0,0.0,0,0.0,,,5,0.5,178.0,159.46922222222221,105.12466666666666,9.006787563955431,,,
F3,2025,F  Barrichello,BAR,AIX Racing,1,,,2.0,2,2,0,0.0,1,1.0,,,1,1.0,2.0,133.788,158.858,,,,
F3,2025,F  Slater,SLA,AIX Racing,1,,,1.0,1,1,1,1.0,1,1.0,,,1,1.0,2.0,138.73,,,,,
F3,2025,F  Slater,SLA,Hitech TGR,1,,,27.0,27,27,0,0.0,0,0.0,,,0,0.0,12.0,190.308,128.102,,,,
F3,2025,G  Xie,XIE,Hitech TGR,10,,,16.7,1,27,1,0.1,2,0.2,,,2,0.2,168.0,154.61690000000002,106.7281111111111,9.638464608017191,,,
F3,2025,I  Domingues,DOM,Van Amersfoort Racing,10,,,18.4,2,30,0,0.0,1,0.1,,,2,0.2,187.0,158.31300000000002,104.88510000000001,9.912954487269003,,,
F3,2025,J  Carrasquedo,CAR,Hitech TGR,2,,,21.0,15,27,0,0.0,0,0.0,,,0,0.0,51.0,170.393,88.23349999999999,8.48528137423857,,,
F3,2025,J  Dufek,DUF,Hitech TGR,4,,,18.0,12,23,0,0.0,0,0.0,,,0,0.0,87.0,154.54250000000002,101.99575,4.546060565661952,,,
F3,2025,J  Garfias,GAR,AIX Racing,1,,,2.0,2,2,0,0.0,1,1.0,,,1,1.0,2.0,164.187,95.812,,,,
F3,2025,J  Hedley,HED,AIX Racing,5,,,25.2,21,28,0,0.0,0,0.0,,,0,0.0,94.0,164.0814,110.4134,2.588435821108957,,,
F3,2025,J  Hedley,HED,Van Amersfoort Racing,1,,,23.0,23,23,0,0.0,0,0.0,,,0,0.0,22.0,171.589,99.726,,,,
F3,2025,J  Sagrera,SAG,AIX Racing,2,,,20.5,16,25,0,0.0,0,0.0,,,0,0.0,38.0,155.6235,112.8175,6.363961030678928,,,
F3,2025,J  Wharton,WHA,ART Grand Prix,10,,,17.7,4,29,0,0.0,0,0.0,,,2,0.2,204.0,159.9963,105.2019,7.257945837341153,,,
F3,2025,L  Sharp,SHA,Rodin Motorsport,10,,,15.3,2,26,0,0.0,1,0.1,,,2,0.2,194.0,159.4595,105.1857,7.334090869963971,,,
F3,2025,L  Van Hoepen,VAN,ART Grand Prix,10,,,14.1,9,26,0,0.0,0,0.0,,,3,0.3,206.0,160.4827,104.54159999999999,6.026792034094276,,,
F3,2025,M  Boya,BOY,Campos Racing,10,,,11.6,3,28,0,0.0,1,0.1,,,6,0.6,207.0,161.8397,104.1167,7.58946638440411,,,
F3,2025,M  Stenshorne,STE,Hitech TGR,10,,,16.3,2,29,0,0.0,1,0.1,,,3,0.3,206.0,159.15609999999998,104.7519,8.944893018427393,,,
F3,2025,M  Zagazeta,ZAG,DAMS Lucas Oil,10,,,18.6,1,30,1,0.1,1,0.1,,,2,0.2,192.0,156.6326,105.775,9.118966803073445,,,
F3,2025,N  Bedrin,BED,AIX Racing,1,,,5.0,5,5,0,0.0,0,0.0,,,1,1.0,16.0,145.76,110.661,,,,
F3,2025,N  Johnson,JOH,DAMS Lucas Oil,1,,,24.0,24,24,0,0.0,0,0.0,,,0,0.0,26.0,181.757,83.995,,,,
F3,2025,N  Johnson,JOH,Hitech TGR,3,,,22.666666666666668,16,27,0,0.0,0,0.0,,,0,0.0,56.0,147.49266666666668,115.19333333333333,5.859465277082315,,,
F3,2025,N  Lacorte,LAC,DAMS Lucas Oil,9,,,19.0,1,29,1,0.1111111111111111,1,0.1111111111111111,,,2,0.2222222222222222,167.0,158.1888888888889,107.17011111111111,9.810708435174291,,,
F3,2025,N  León,LEO,PREMA Racing,10,,,12.4,2,23,0,0.0,2,0.2,,,4,0.4,196.0,162.0476,104.56559999999999,7.4266786355379315,,,
F3,2025,N  Marinangeli,MAR,AIX Racing,10,,,24.1,1,29,1,0.1,1,0.1,,,1,0.1,190.0,157.8843,106.27439999999999,8.543353491977777,,,
F3,2025,N  Strømsted,STR,TRIDENT,10,,,10.9,2,22,0,0.0,2,0.2,,,5,0.5,206.0,160.4743,104.73600000000002,7.1250730990402245,,,
F3,2025,N  Tsolov,TSO,Campos Racing,8,,,10.875,5,28,0,0.0,0,0.0,,,6,0.75,165.0,159.72375,106.6675,7.278883352351709,,,
F3,2025,R  Bilinski,BIL,Rodin Motorsport,10,,,12.3,3,25,0,0.0,1,0.1,,,4,0.4,184.0,162.0376,105.77277777777778,6.18331087147762,,,
F3,2025,R  Câmara,CAM,TRIDENT,10,,,8.0,2,30,0,0.0,2,0.2,,,8,0.8,202.0,160.8662,104.4356,8.12403840463596,,,
F3,2025,S  Ramos,RAM,Van Amersfoort Racing,9,,,16.22222222222222,1,29,1,0.1111111111111111,1,0.1111111111111111,,,3,0.3333333333333333,161.0,154.6871111111111,106.938125,9.627795409357454,,,
F3,2025,T  Inthraphuvasak,INT,Campos Racing,10,,,14.3,7,20,0,0.0,0,0.0,,,3,0.3,207.0,161.3878,104.59670000000001,5.121848624601602,,,
F3,2025,T  Naël,NAE,Van Amersfoort Racing,10,,,13.5,4,29,0,0.0,0,0.0,,,5,0.5,206.0,161.01590000000002,104.17940000000002,9.033886821911768,,,
F3,2025,T  Taponen,TAP,ART Grand Prix,10,,,15.3,5,24,0,0.0,0,0.0,,,3,0.3,207.0,161.32620000000003,104.67160000000001,7.071853442423076,,,
F3,2025,T  Tramnitz,TRA,MP Motorsport,10,,,11.8,3,26,0,0.0,1,0.1,,,4,0.4,207.0,160.3994,104.6976,6.892830413633511,,,
F3,2025,U  Ugochukwu,UGO,PREMA Racing,10,,,14.7,3,29,0,0.0,3,0.3,,,4,0.4,174.0,156.26749999999998,105.96289999999999,10.954958288880478,,,
